{"mean":{"confidence_interval":{"confidence_level":0.95,"lower_bound":31032.69096562605,"upper_bound":31466.37120930838},"point_estimate":31223.78225583073,"standard_error":110.99996302272898},"median":{"confidence_interval":{"confidence_level":0.95,"lower_bound":30916.84956288569,"upper_bound":31249.603174603173},"point_estimate":31079.122596153844,"standard_error":98.39965875291848},"median_abs_dev":{"confidence_interval":{"confidence_level":0.95,"lower_bound":487.99663010733957,"upper_bound":793.8288692533017},"point_estimate":634.8051721181139,"standard_error":78.66731806579513},"slope":{"confidence_interval":{"confidence_level":0.95,"lower_bound":30913.80392785941,"upper_bound":31139.16309936699},"point_estimate":31020.886129377865,"standard_error":57.636807825711145},"std_dev":{"confidence_interval":{"confidence_level":0.95,"lower_bound":576.9748611137404,"upper_bound":1683.036115213424},"point_estimate":1115.713450142506,"standard_error":330.4770685579206}}